Aachen,http://2016.igem.org/Team:Aachen
Aalto-Helsinki,http://2016.igem.org/Team:Aalto-Helsinki
AHUT_China,http://2016.igem.org/Team:AHUT_China
Ain_Shams-Egypt,http://2016.igem.org/Team:Ain_Shams-Egypt
Aix-Marseille,http://2016.igem.org/Team:Aix-Marseille
Alverno_CA,http://2016.igem.org/Team:Alverno_CA
Arizona_State,http://2016.igem.org/Team:Arizona_State
ASIJ_Tokyo,http://2016.igem.org/Team:ASIJ_Tokyo
ATOMS_Turkiye,http://2016.igem.org/Team:ATOMS_Turkiye
AUC_TURKEY,http://2016.igem.org/Team:AUC_TURKEY
Austin_UTexas,http://2016.igem.org/Team:Austin_UTexas
Austin_UTexas_LASA,http://2016.igem.org/Team:Austin_UTexas_LASA
BGIC_China,http://2016.igem.org/Team:BGIC_China
BGU_ISRAEL,http://2016.igem.org/Team:BGU_ISRAEL
BHU_China,http://2016.igem.org/Team:BHU_China
Bielefeld-CeBiTec,http://2016.igem.org/Team:Bielefeld-CeBiTec
Bilkent-UNAMBG,http://2016.igem.org/Team:Bilkent-UNAMBG
BIOSINT_Mexico,http://2016.igem.org/Team:BIOSINT_Mexico
BIT,http://2016.igem.org/Team:BIT
BIT-China,http://2016.igem.org/Team:BIT-China
BNDS_China,http://2016.igem.org/Team:BNDS_China
BNU-China,http://2016.igem.org/Team:BNU-China
Bordeaux,http://2016.igem.org/Team:Bordeaux
BostonU,http://2016.igem.org/Team:BostonU
BostonU_HW,http://2016.igem.org/Team:BostonU_HW
British_Columbia,http://2016.igem.org/Team:British_Columbia
BroadRun-Baltimore,http://2016.igem.org/Team:BroadRun-Baltimore
Bulgaria,http://2016.igem.org/Team:Bulgaria
Cambridge-JIC,http://2016.igem.org/Team:Cambridge-JIC
CAPS_Kansas,http://2016.igem.org/Team:CAPS_Kansas
Cardiff_Wales,http://2016.igem.org/Team:Cardiff_Wales
CCA_SanDiego,http://2016.igem.org/Team:CCA_SanDiego
Central-Calgary,http://2016.igem.org/Team:Central-Calgary
CGU_Taiwan,http://2016.igem.org/Team:CGU_Taiwan
Chalmers_Gothenburg,http://2016.igem.org/Team:Chalmers_Gothenburg
CIEI-BJ,http://2016.igem.org/Team:CIEI-BJ
CLSB-UK,http://2016.igem.org/Team:CLSB-UK
ColegioFDR_Peru,http://2016.igem.org/Team:ColegioFDR_Peru
CoLite-West-Point,http://2016.igem.org/Team:CoLite-West-Point
ColumbiaU_NYC,http://2016.igem.org/Team:ColumbiaU_NYC
Concordia,http://2016.igem.org/Team:Concordia
Cornell_NY,http://2016.igem.org/Team:Cornell_NY
CPU_CHINA,http://2016.igem.org/Team:CPU_CHINA
CSU_Fort_Collins,http://2016.igem.org/Team:CSU_Fort_Collins
CU-Boulder,http://2016.igem.org/Team:CU-Boulder
Dalhousie_Halifax_NS,http://2016.igem.org/Team:Dalhousie_Halifax_NS
Danci-K8,http://2016.igem.org/Team:Danci-K8
Denver_Biolabs,http://2016.igem.org/Team:Denver_Biolabs
DTU-Denmark,http://2016.igem.org/Team:DTU-Denmark
Duesseldorf,http://2016.igem.org/Team:Duesseldorf
Duke,http://2016.igem.org/Team:Duke
Dundee,http://2016.igem.org/Team:Dundee
Dundee_Schools,http://2016.igem.org/Team:Dundee_Schools
Edinburgh_OG,http://2016.igem.org/Team:Edinburgh_OG
Edinburgh_UG,http://2016.igem.org/Team:Edinburgh_UG
Emory,http://2016.igem.org/Team:Emory
EMW_Street_Bio,http://2016.igem.org/Team:EMW_Street_Bio
EPFL,http://2016.igem.org/Team:EPFL
Ethiopia1,http://2016.igem.org/Team:Ethiopia1
ETH_Zurich,http://2016.igem.org/Team:ETH_Zurich
Evry,http://2016.igem.org/Team:Evry
Exeter,http://2016.igem.org/Team:Exeter
FAFU-CHINA,http://2016.igem.org/Team:FAFU-CHINA
FAU_Erlangen,http://2016.igem.org/Team:FAU_Erlangen
Freiburg,http://2016.igem.org/Team:Freiburg
Fudan,http://2016.igem.org/Team:Fudan
Gaston_Day,http://2016.igem.org/Team:Gaston_Day
GDSYZX-United,http://2016.igem.org/Team:GDSYZX-United
Genspace,http://2016.igem.org/Team:Genspace
Georgia_State,http://2016.igem.org/Team:Georgia_State
Gifu,http://2016.igem.org/Team:Gifu
Glasgow,http://2016.igem.org/Team:Glasgow
Goettingen,http://2016.igem.org/Team:Goettingen
Groningen,http://2016.igem.org/Team:Groningen
Guanajuato_Mx,http://2016.igem.org/Team:Guanajuato_Mx
Hamburg,http://2016.igem.org/Team:Hamburg
Hannover,http://2016.igem.org/Team:Hannover
Harvard_BioDesign,http://2016.igem.org/Team:Harvard_BioDesign
HFUT-China,http://2016.igem.org/Team:HFUT-China
HokkaidoU_Japan,http://2016.igem.org/Team:HokkaidoU_Japan
Hong_Kong_HKU,http://2016.igem.org/Team:Hong_Kong_HKU
Hong_Kong_HKUST,http://2016.igem.org/Team:Hong_Kong_HKUST
Hong_Kong_UCCKE,http://2016.igem.org/Team:Hong_Kong_UCCKE
HSiTAIWAN,http://2016.igem.org/Team:HSiTAIWAN
HUST-China,http://2016.igem.org/Team:HUST-China
HZAU-China,http://2016.igem.org/Team:HZAU-China
IISc_Bangalore,http://2016.igem.org/Team:IISc_Bangalore
IIT-Madras,http://2016.igem.org/Team:IIT-Madras
IIT_Delhi,http://2016.igem.org/Team:IIT_Delhi
IIT_Kharagpur,http://2016.igem.org/Team:IIT_Kharagpur
IMPACT,http://2016.igem.org/Team:IMPACT
Imperial_College,http://2016.igem.org/Team:Imperial_College
India-Thapar-CSED,http://2016.igem.org/Team:India-Thapar-CSED
IngenuityLab_Canada,http://2016.igem.org/Team:IngenuityLab_Canada
INSA-Lyon,http://2016.igem.org/Team:INSA-Lyon
Ionis_Paris,http://2016.igem.org/Team:Ionis_Paris
Istanbul_Tech,http://2016.igem.org/Team:Istanbul_Tech
IvyTech_SouthBend_IN,http://2016.igem.org/Team:IvyTech_SouthBend_IN
Jilin_China,http://2016.igem.org/Team:Jilin_China
JNFLS_China,http://2016.igem.org/Team:JNFLS_China
JSNU-China,http://2016.igem.org/Team:JSNU-China
JSNU_CHINA,http://2016.igem.org/Team:JSNU_CHINA
Judd_UK,http://2016.igem.org/Team:Judd_UK
KAIT_Japan,http://2016.igem.org/Team:KAIT_Japan
Kent,http://2016.igem.org/Team:Kent
Kingsborough_NY,http://2016.igem.org/Team:Kingsborough_NY
KoreaSonyeodul,http://2016.igem.org/Team:KoreaSonyeodul
Korea_U_Seoul,http://2016.igem.org/Team:Korea_U_Seoul
Kyoto,http://2016.igem.org/Team:Kyoto
LambertGA,http://2016.igem.org/Team:LambertGA
Lanzhou,http://2016.igem.org/Team:Lanzhou
Leicester,http://2016.igem.org/Team:Leicester
Leiden,http://2016.igem.org/Team:Leiden
Lethbridge,http://2016.igem.org/Team:Lethbridge
Lethbridge_HS,http://2016.igem.org/Team:Lethbridge_HS
Liceo_Eugenio_Hostos,http://2016.igem.org/Team:Liceo_Eugenio_Hostos
Linkoping_Sweden,http://2016.igem.org/Team:Linkoping_Sweden
LMU-TUM_Munich,http://2016.igem.org/Team:LMU-TUM_Munich
LN-Shiyan-China,http://2016.igem.org/Team:LN-Shiyan-China
Lubbock_TTU,http://2016.igem.org/Team:Lubbock_TTU
Macquarie_Australia,http://2016.igem.org/Team:Macquarie_Australia
Manchester,http://2016.igem.org/Team:Manchester
Marburg,http://2016.igem.org/Team:Marburg
McGill-McMaster,http://2016.igem.org/Team:McGill-McMaster
McMasterU,http://2016.igem.org/Team:McMasterU
Melbourne,http://2016.igem.org/Team:Melbourne
METU_HS_Ankara,http://2016.igem.org/Team:METU_HS_Ankara
Michigan,http://2016.igem.org/Team:Michigan
Michigan_Software,http://2016.igem.org/Team:Michigan_Software
Mingdao,http://2016.igem.org/Team:Mingdao
Minnesota,http://2016.igem.org/Team:Minnesota
Missouri_Rolla,http://2016.igem.org/Team:Missouri_Rolla
MIT,http://2016.igem.org/Team:MIT
MSU-Michigan,http://2016.igem.org/Team:MSU-Michigan
Nagahama,http://2016.igem.org/Team:Nagahama
Nanjing-China,http://2016.igem.org/Team:Nanjing-China
Nanjing_NFLS,http://2016.igem.org/Team:Nanjing_NFLS
NAU-CHINA,http://2016.igem.org/Team:NAU-CHINA
NAWI-Graz,http://2016.igem.org/Team:NAWI-Graz
NCKU_Tainan,http://2016.igem.org/Team:NCKU_Tainan
NCL_India,http://2016.igem.org/Team:NCL_India
NCTU_Formosa,http://2016.igem.org/Team:NCTU_Formosa
NEFU_China,http://2016.igem.org/Team:NEFU_China
NEU-China,http://2016.igem.org/Team:NEU-China
Newcastle,http://2016.igem.org/Team:Newcastle
NJU-China,http://2016.igem.org/Team:NJU-China
NKU_China,http://2016.igem.org/Team:NKU_China
Northeastern,http://2016.igem.org/Team:Northeastern
NorthernBC,http://2016.igem.org/Team:NorthernBC
Northwestern,http://2016.igem.org/Team:Northwestern
NRP-UEA-Norwich,http://2016.igem.org/Team:NRP-UEA-Norwich
NTHU_Taiwan,http://2016.igem.org/Team:NTHU_Taiwan
NTNU_Trondheim,http://2016.igem.org/Team:NTNU_Trondheim
NTU-Singapore,http://2016.igem.org/Team:NTU-Singapore
NUDT_CHINA,http://2016.igem.org/Team:NUDT_CHINA
NUS_Singapore,http://2016.igem.org/Team:NUS_Singapore
NWPU,http://2016.igem.org/Team:NWPU
NYMU-Taipei,http://2016.igem.org/Team:NYMU-Taipei
NYU-AD,http://2016.igem.org/Team:NYU-AD
NYU_Shanghai,http://2016.igem.org/Team:NYU_Shanghai
OLS_Canmore,http://2016.igem.org/Team:OLS_Canmore
OUC-China,http://2016.igem.org/Team:OUC-China
Oxford,http://2016.igem.org/Team:Oxford
Paris_Bettencourt,http://2016.igem.org/Team:Paris_Bettencourt
Paris_Saclay,http://2016.igem.org/Team:Paris_Saclay
Pasteur_Paris,http://2016.igem.org/Team:Pasteur_Paris
Peking,http://2016.igem.org/Team:Peking
Peshawar,http://2016.igem.org/Team:Peshawar
Pittsburgh,http://2016.igem.org/Team:Pittsburgh
Pretoria_UP,http://2016.igem.org/Team:Pretoria_UP
Pumas_Mexico,http://2016.igem.org/Team:Pumas_Mexico
Purdue,http://2016.igem.org/Team:Purdue
Queens_Canada,http://2016.igem.org/Team:Queens_Canada
RHIT,http://2016.igem.org/Team:RHIT
Rice,http://2016.igem.org/Team:Rice
Richard_Montgomery,http://2016.igem.org/Team:Richard_Montgomery
Rock_Ridge_Virginia,http://2016.igem.org/Team:Rock_Ridge_Virginia
Ryerson_Toronto,http://2016.igem.org/Team:Ryerson_Toronto
Saint_Rose_School_A,http://2016.igem.org/Team:Saint_Rose_School_A
Saint_Rose_School_B,http://2016.igem.org/Team:Saint_Rose_School_B
SCAU-China,http://2016.igem.org/Team:SCAU-China
SCSU-New_Haven,http://2016.igem.org/Team:SCSU-New_Haven
SCU-China,http://2016.igem.org/Team:SCU-China
SCUT-China_A,http://2016.igem.org/Team:SCUT-China_A
SCUT-China_B,http://2016.igem.org/Team:SCUT-China_B
SDSZ_China,http://2016.igem.org/Team:SDSZ_China
SDU-Denmark,http://2016.igem.org/Team:SDU-Denmark
ShanghaitechChina,http://2016.igem.org/Team:ShanghaitechChina
ShanghaiTechChina_B,http://2016.igem.org/Team:ShanghaiTechChina_B
Sheffield,http://2016.igem.org/Team:Sheffield
Shenzhen_SFLS,http://2016.igem.org/Team:Shenzhen_SFLS
SJTU-BioX-Shanghai,http://2016.igem.org/Team:SJTU-BioX-Shanghai
SJTU-Software,http://2016.igem.org/Team:SJTU-Software
Slovenia,http://2016.igem.org/Team:Slovenia
SMS_Shenzhen,http://2016.igem.org/Team:SMS_Shenzhen
SPS_singapore,http://2016.igem.org/Team:SPS_singapore
SRM_Chennai,http://2016.igem.org/Team:SRM_Chennai
Stanford-Brown,http://2016.igem.org/Team:Stanford-Brown
Stockholm,http://2016.igem.org/Team:Stockholm
Stony_Brook,http://2016.igem.org/Team:Stony_Brook
StuyGem,http://2016.igem.org/Team:StuyGem
SUSTech_Shenzhen,http://2016.igem.org/Team:SUSTech_Shenzhen
SVCE_CHENNAI,http://2016.igem.org/Team:SVCE_CHENNAI
Sydney_Australia,http://2016.igem.org/Team:Sydney_Australia
SYSU-CHINA,http://2016.igem.org/Team:SYSU-CHINA
SYSU-MED,http://2016.igem.org/Team:SYSU-MED
SYSU-MEDICINE,http://2016.igem.org/Team:SYSU-MEDICINE
SYSU-Software,http://2016.igem.org/Team:SYSU-Software
SZU-China,http://2016.igem.org/Team:SZU-China
TAS_Taipei,http://2016.igem.org/Team:TAS_Taipei
TCU_Taiwan,http://2016.igem.org/Team:TCU_Taiwan
Tec-Chihuahua,http://2016.igem.org/Team:Tec-Chihuahua
TEC-Costa_Rica,http://2016.igem.org/Team:TEC-Costa_Rica
Tec-Monterrey,http://2016.igem.org/Team:Tec-Monterrey
TecCEM,http://2016.igem.org/Team:TecCEM
TecCEM_HS,http://2016.igem.org/Team:TecCEM_HS
Technion_Israel,http://2016.igem.org/Team:Technion_Israel
TEC_GenetiX_CCM,http://2016.igem.org/Team:TEC_GenetiX_CCM
Tel-Hai,http://2016.igem.org/Team:Tel-Hai
Tianjin,http://2016.igem.org/Team:Tianjin
TJUSLS_China,http://2016.igem.org/Team:TJUSLS_China
TMMU_China,http://2016.igem.org/Team:TMMU_China
Tokyo_Tech,http://2016.igem.org/Team:Tokyo_Tech
Tonbridge,http://2016.igem.org/Team:Tonbridge
Tongji_Shanghai,http://2016.igem.org/Team:Tongji_Shanghai
Toronto,http://2016.igem.org/Team:Toronto
Toulouse_France,http://2016.igem.org/Team:Toulouse_France
TP_CC_SanDiego,http://2016.igem.org/Team:TP_CC_SanDiego
TrinityCollegeDublin,http://2016.igem.org/Team:TrinityCollegeDublin
Tsinghua,http://2016.igem.org/Team:Tsinghua
Tsinghua-A,http://2016.igem.org/Team:Tsinghua-A
TU-Eindhoven,http://2016.igem.org/Team:TU-Eindhoven
Tuebingen,http://2016.igem.org/Team:Tuebingen
Tufts,http://2016.igem.org/Team:Tufts
TU_Darmstadt,http://2016.igem.org/Team:TU_Darmstadt
TU_Delft,http://2016.igem.org/Team:TU_Delft
UAM_Poznan,http://2016.igem.org/Team:UAM_Poznan
UBonn_HBRS,http://2016.igem.org/Team:UBonn_HBRS
UCAS,http://2016.igem.org/Team:UCAS
UCC_Ireland,http://2016.igem.org/Team:UCC_Ireland
UChicago,http://2016.igem.org/Team:UChicago
UCL,http://2016.igem.org/Team:UCL
UCLA,http://2016.igem.org/Team:UCLA
UCLouvain,http://2016.igem.org/Team:UCLouvain
UConn,http://2016.igem.org/Team:UConn
UCSC,http://2016.igem.org/Team:UCSC
UCSD_Auditory,http://2016.igem.org/Team:UCSD_Auditory
UC_Davis,http://2016.igem.org/Team:UC_Davis
UC_San_Diego,http://2016.igem.org/Team:UC_San_Diego
UESTC-China,http://2016.igem.org/Team:UESTC-China
UESTC-software,http://2016.igem.org/Team:UESTC-software
UFAM-UEA_Brazil,http://2016.igem.org/Team:UFAM-UEA_Brazil
UGA-Georgia,http://2016.igem.org/Team:UGA-Georgia
UGent_Belgium,http://2016.igem.org/Team:UGent_Belgium
UI-Indonesia,http://2016.igem.org/Team:UI-Indonesia
UiOslo_Norway,http://2016.igem.org/Team:UiOslo_Norway
UIUC_Illinois,http://2016.igem.org/Team:UIUC_Illinois
ULV-LC-CV,http://2016.igem.org/Team:ULV-LC-CV
UMaryland,http://2016.igem.org/Team:UMaryland
UMass-Dartmouth,http://2016.igem.org/Team:UMass-Dartmouth
UNC-Chapel_Hill,http://2016.igem.org/Team:UNC-Chapel_Hill
UNebraska-Lincoln,http://2016.igem.org/Team:UNebraska-Lincoln
UNH_Durham,http://2016.igem.org/Team:UNH_Durham
UNIK_Copenhagen,http://2016.igem.org/Team:UNIK_Copenhagen
UNSW_Australia,http://2016.igem.org/Team:UNSW_Australia
UoA_NewZealand,http://2016.igem.org/Team:UoA_NewZealand
UofC_Calgary,http://2016.igem.org/Team:UofC_Calgary
UPF-CRG_Barcelona,http://2016.igem.org/Team:UPF-CRG_Barcelona
UPIBI-IPN,http://2016.igem.org/Team:UPIBI-IPN
UPO-Sevilla,http://2016.igem.org/Team:UPO-Sevilla
Uppsala,http://2016.igem.org/Team:Uppsala
UrbanTundra_Edmonton,http://2016.igem.org/Team:UrbanTundra_Edmonton
USNA-Annapolis,http://2016.igem.org/Team:USNA-Annapolis
USP-EEL-Brazil,http://2016.igem.org/Team:USP-EEL-Brazil
USP_UNIFESP-Brazil,http://2016.igem.org/Team:USP_UNIFESP-Brazil
USTC,http://2016.igem.org/Team:USTC
USTC-Software,http://2016.igem.org/Team:USTC-Software
UST_Beijing,http://2016.igem.org/Team:UST_Beijing
UT-Knoxville,http://2016.igem.org/Team:UT-Knoxville
UT-Tokyo,http://2016.igem.org/Team:UT-Tokyo
Valencia_UPV,http://2016.igem.org/Team:Valencia_UPV
Vanderbilt,http://2016.igem.org/Team:Vanderbilt
Vanderbilt_Software,http://2016.igem.org/Team:Vanderbilt_Software
Vilnius-Lithuania,http://2016.igem.org/Team:Vilnius-Lithuania
Virginia,http://2016.igem.org/Team:Virginia
Wageningen_UR,http://2016.igem.org/Team:Wageningen_UR
Warwick,http://2016.igem.org/Team:Warwick
Washington,http://2016.igem.org/Team:Washington
WashU_StLouis,http://2016.igem.org/Team:WashU_StLouis
Waterloo,http://2016.igem.org/Team:Waterloo
Westlake,http://2016.igem.org/Team:Westlake
Westminster_UoW,http://2016.igem.org/Team:Westminster_UoW
William_and_Mary,http://2016.igem.org/Team:William_and_Mary
WLC-Milwaukee,http://2016.igem.org/Team:WLC-Milwaukee
Wound-Aid-West-Point,http://2016.igem.org/Team:Wound-Aid-West-Point
WPI_Worcester,http://2016.igem.org/Team:WPI_Worcester
XJTLU-CHINA,http://2016.igem.org/Team:XJTLU-CHINA
XMU-China,http://2016.igem.org/Team:XMU-China
Yale,http://2016.igem.org/Team:Yale
ZJU-China,http://2016.igem.org/Team:ZJU-China