Aachen,http://2016.igem.org/Team:Aachen,iGEM Aachen,129361660587855
Aalto-Helsinki,http://2016.igem.org/Team:Aalto-Helsinki,Aalto-Helsinki iGEM,232517233614022
Ain_Shams-Egypt,http://2016.igem.org/Team:Ain_Shams-Egypt,IGEM Egypt,1195227873855594
Aix-Marseille,http://2016.igem.org/Team:Aix-Marseille,IGEM Aix-Marseille Universit├®,1428195684098380
ATOMS_Turkiye,http://2016.igem.org/Team:ATOMS_Turkiye,Atoms_turkiye igem,171770076320901
BGU_ISRAEL,http://2016.igem.org/Team:BGU_ISRAEL,iGEM BGU,1386142151601470
Bielefeld-CeBiTec,http://2016.igem.org/Team:Bielefeld-CeBiTec,IGEM Bielefeld,244094752286371
Bilkent-UNAMBG,http://2016.igem.org/Team:Bilkent-UNAMBG,Bilkent UNAM IGEM 2016,206168283075701
BIOSINT_Mexico,http://2016.igem.org/Team:BIOSINT_Mexico,Grupo Biolog├¡a Sint├®tica IGEM Biosint,118392864955067
Bordeaux,http://2016.igem.org/Team:Bordeaux,iGEM Bordeaux,713574065344248
BostonU_HW,http://2016.igem.org/Team:BostonU_HW,Boston University IGEM Wetlab 2016,1029264840455953
Bulgaria,http://2016.igem.org/Team:Bulgaria,IGEM Bulgaria,202707910086218
Cambridge-JIC,http://2016.igem.org/Team:Cambridge-JIC,Cambridge iGEM,123588144352269
CGU_Taiwan,http://2016.igem.org/Team:CGU_Taiwan,CGU iGEM Taiwan,328966107303576
Chalmers_Gothenburg,http://2016.igem.org/Team:Chalmers_Gothenburg,iGEM Team Chalmers Gothenburg,614159082031604
CLSB-UK,http://2016.igem.org/Team:CLSB-UK,IGEM-Clsb-Uk,1608006252862611
Concordia,http://2016.igem.org/Team:Concordia,IGEM Concordia,497676140300620
Cornell_NY,http://2016.igem.org/Team:Cornell_NY,Cornell iGEM,384497241588660
CSU_Fort_Collins,http://2016.igem.org/Team:CSU_Fort_Collins,CSU iGEM,165717653560000
DTU-Denmark,http://2016.igem.org/Team:DTU-Denmark,DTU Biobuilders,798773570219572
Dundee,http://2016.igem.org/Team:Dundee,IGEM Dundee 2016,1728579117431896
Edinburgh_OG,http://2016.igem.org/Team:Edinburgh_OG,IGEM Edinburgh OG 2016,972821632801330
EPFL,http://2016.igem.org/Team:EPFL,EPFL iGEM,117887404918202
ETH_Zurich,http://2016.igem.org/Team:ETH_Zurich,iGEM ETH Z├╝rich,529640490497202
Evry,http://2016.igem.org/Team:Evry,IGEM Evry 2016,545999002220770
Exeter,http://2016.igem.org/Team:Exeter,Exeter iGEM 2016,1565856120394919
Freiburg,http://2016.igem.org/Team:Freiburg,iGEM Team Freiburg 2016,996889650348511
GDSYZX-United,http://2016.igem.org/Team:GDSYZX-United,Igembe United 4 Governor Peter Munya 2017,1717072171840432
Georgia_State,http://2016.igem.org/Team:Georgia_State,Georgia State University iGEM team/ SBC,176285132578350
Gifu,http://2016.igem.org/Team:Gifu,IGEM Gifu,719028434901436
Glasgow,http://2016.igem.org/Team:Glasgow,Glasgow iGEM 2016,894843793971792
Goettingen,http://2016.igem.org/Team:Goettingen,iGEM Team Goettingen,687557807970778
Groningen,http://2016.igem.org/Team:Groningen,IGEM Groningen 2016,605942439555466
Guanajuato_Mx,http://2016.igem.org/Team:Guanajuato_Mx,IGEM Guanajuato Mx 2016,1169541999738587
Hamburg,http://2016.igem.org/Team:Hamburg,iGEM Hamburg,1075565445823750
Hannover,http://2016.igem.org/Team:Hannover,iGEM-Team Hannover,691188107594201
Harvard_BioDesign,http://2016.igem.org/Team:Harvard_BioDesign,Harvard iGEM,269794024286
HokkaidoU_Japan,http://2016.igem.org/Team:HokkaidoU_Japan,iGEM HokkaidoU,1435665740097544
Hong_Kong_HKU,http://2016.igem.org/Team:Hong_Kong_HKU,HKU iGEM 2016 Team,983972041650603
HUST-China,http://2016.igem.org/Team:HUST-China,iGEM HUST-China,622703587859310
IISc_Bangalore,http://2016.igem.org/Team:IISc_Bangalore,IISc Bangalore iGEM Team,1090641104354631
IIT_Delhi,http://2016.igem.org/Team:IIT_Delhi,IGEM IIT Delhi,174169922748032
IIT_Kharagpur,http://2016.igem.org/Team:IIT_Kharagpur,IGEM IIT Kharagpur,954097594642802
INSA-Lyon,http://2016.igem.org/Team:INSA-Lyon,"INSA ADN Concept Club - IA2C, Team IGEM Lyon",190553814482589
KAIT_Japan,http://2016.igem.org/Team:KAIT_Japan,iGEM Japan,181800035484368
Kyoto,http://2016.igem.org/Team:Kyoto,iGEM Kyoto,360545113987522
Leicester,http://2016.igem.org/Team:Leicester,University of Leicester IGEM,414741102012859
Leiden,http://2016.igem.org/Team:Leiden,iGEM Leiden,768148109952380
Lethbridge,http://2016.igem.org/Team:Lethbridge,University of Lethbridge iGEM team,228721163963776
Lethbridge_HS,http://2016.igem.org/Team:Lethbridge_HS,University of Lethbridge iGEM team,228721163963776
Linkoping_Sweden,http://2016.igem.org/Team:Linkoping_Sweden,LiU iGEM,584550201567655
LMU-TUM_Munich,http://2016.igem.org/Team:LMU-TUM_Munich,iGEM LMU & TU Munich,149746078408629
Macquarie_Australia,http://2016.igem.org/Team:Macquarie_Australia,Macquarie University IGEM 2016,1736993803239348
Manchester,http://2016.igem.org/Team:Manchester,iGEM Manchester Graz,453856284768459
Marburg,http://2016.igem.org/Team:Marburg,iGEM Marburg,407147419427988
McMasterU,http://2016.igem.org/Team:McMasterU,iGEM McMaster,1636702936563832
Melbourne,http://2016.igem.org/Team:Melbourne,Melbourne Uni iGem,429501917098385
METU_HS_Ankara,http://2016.igem.org/Team:METU_HS_Ankara,IGEM METU HS Ankara,841001245915779
Missouri_Rolla,http://2016.igem.org/Team:Missouri_Rolla,Missouri S&T iGEM Team,117151648297003
MIT,http://2016.igem.org/Team:MIT,MIT IGEM,338545756295601
Nagahama,http://2016.igem.org/Team:Nagahama,iGEM Nagahama,524265247683470
Nanjing-China,http://2016.igem.org/Team:Nanjing-China,IGEM Nanjing-China,392481144280345
NAWI-Graz,http://2016.igem.org/Team:NAWI-Graz,iGEM Team Graz,1088362847871210
NCKU_Tainan,http://2016.igem.org/Team:NCKU_Tainan,iGEM NCKU-Tainan,867827879976172
NCTU_Formosa,http://2016.igem.org/Team:NCTU_Formosa,NCTU_Formosa IGEM team,267841893250331
Newcastle,http://2016.igem.org/Team:Newcastle,Newcastle University IGEM 2016,228235764208988
NTHU_Taiwan,http://2016.igem.org/Team:NTHU_Taiwan,NTHU_Taiwan IGEM team,1625053274448104
NTNU_Trondheim,http://2016.igem.org/Team:NTNU_Trondheim,IGEM NTNU 2016,968757846505971
NTU-Singapore,http://2016.igem.org/Team:NTU-Singapore,IGEM NTU-Taiwan,348449728604164
OLS_Canmore,http://2016.igem.org/Team:OLS_Canmore,Our Lady Of the Snows Canmore IGEM,233821203487591
Oxford,http://2016.igem.org/Team:Oxford,Oxford iGEM,750565784987671
Paris_Bettencourt,http://2016igem.org/Team:Paris_Bettencourt,IGEM Paris Bettencourt,173738166113819
Paris_Saclay,http://2016.igem.org/Team:Paris_Saclay,IGEM Paris Saclay,364185986946755
Pasteur_Paris,http://2016.igem.org/Team:Pasteur_Paris,iGEM Pasteur,367944320075674
Peking,http://2016.igem.org/Team:Peking,Peking IGEM,366536383534576
Pretoria_UP,http://2016.igem.org/Team:Pretoria_UP,IGEM Pretoria_UP,127432177666911
Purdue,http://2016.igem.org/Team:Purdue,Purdue Biomakers,522495097787205
Rice,http://2016.igem.org/Team:Rice,Rice IGEM,998715286870915
SCSU-New_Haven,http://2016.igem.org/Team:SCSU-New_Haven,Igembe central New Ideas,351726198284373
SDU-Denmark,http://2016.igem.org/Team:SDU-Denmark,IGEM SDU Denmark,782977745104298
Sheffield,http://2016.igem.org/Team:Sheffield,IGEM Sheffield 2016,194654857555146
Slovenia,http://2016.igem.org/Team:Slovenia,iGEM Slovenia 2016,580503705446077
Stanford-Brown,http://2016.igem.org/Team:Stanford-Brown,Stanford-Brown iGEM,166210643442328
Stockholm,http://2016.igem.org/Team:Stockholm,IGEM Stockholm,1404362453193093
Stony_Brook,http://2016.igem.org/Team:Stony_Brook,iGEM at Stony Brook,1461375194092030
SVCE_CHENNAI,http://2016.igem.org/Team:SVCE_CHENNAI,IGEM - Team SVCE,1656155317961326
SYSU-CHINA,http://2016.igem.org/Team:SYSU-CHINA,IGEM SYSU-China,1399518286981013
TAS_Taipei,http://2016.igem.org/Team:TAS_Taipei,IGEM TAS_Taipei,458152184340374
TEC-Costa_Rica,http://2016.igem.org/Team:TEC-Costa_Rica,IGEM: TEC-Costa Rica,440962826108316
Tec-Monterrey,http://2016.igem.org/Team:Tec-Monterrey,IGEM Tec-Monterrey,288882334580315
Technion_Israel,http://2016.igem.org/Team:Technion_Israel,iGEM Technion,233029113725213
Tel-Hai,http://2016.igem.org/Team:Tel-Hai,iGEM Tel Hai,208528426193145
Tokyo_Tech,http://2016.igem.org/Team:Tokyo_Tech,iGEM Tokyo_Tech,654503094627139
Toronto,http://2016.igem.org/Team:Toronto,IGEM Toronto,460269354060543
Toulouse_France,http://2016.igem.org/Team:Toulouse_France, iGEM Toulouse,1604834019761538 
Tsinghua,http://2016.igem.org/Team:Tsinghua,Tsinghua iGEM,145908955419937
Tsinghua-A,http://2016.igem.org/Team:Tsinghua-A,IGEM Mntto a Computadoras,184901668217302
TU-Eindhoven,http://2016.igem.org/Team:TU-Eindhoven,iGEM TU Eindhoven 2016,248419132174305
TU_Darmstadt,http://2016.igem.org/Team:TU_Darmstadt,IGEM TU Darmstadt,656627597701598
TU_Delft,http://2016.igem.org/Team:TU_Delft,TU Delft iGEM team,112242102125963
UCC_Ireland,http://2016.igem.org/Team:UCC_Ireland,UCC iGEM,1449688378614323
UCL,http://2016.igem.org/Team:UCL,UCL iGEM,176381085779618
UCLouvain,http://2016.igem.org/Team:UCLouvain,iGEM UCLouvain,184990998562074
UCSC,http://2016.igem.org/Team:UCSC,UCSC iGEM,1617040081911754
UGent_Belgium,http://2016.igem.org/Team:UGent_Belgium,IGEM team UGent - Bio Base Europe Pilot Plant,119996614846839
UiOslo_Norway,http://2016.igem.org/Team:UiOslo_Norway,UiOslo iGEM,299839360167688
UIUC_Illinois,http://2016.igem.org/Team:UIUC_Illinois,UIUC IGEM 2016,541608935989247
ULV-LC-CV,http://2016.igem.org/Team:ULV-LC-CV,ULV iGEM,1419125835077447
UMaryland,http://2016.igem.org/Team:UMaryland,UMaryland iGEM,1578438029091869
UNSW_Australia,http://2016.igem.org/Team:UNSW_Australia,UNSW iGEM,449205808566009
UoA_NewZealand,http://2016.igem.org/Team:UoA_NewZealand,iGEM UoA,370755546452262
UofC_Calgary,http://2016.igem.org/Team:UofC_Calgary,iGEM Calgary,164192411205
UPF-CRG_Barcelona,http://2016.igem.org/Team:UPF-CRG_Barcelona,IGEM UPF-CRG-Barcelona,474676176060598
Uppsala,http://2016.igem.org/Team:Uppsala,IGEM Uppsala 2016,150459765371535
UrbanTundra_Edmonton,http://2016.igem.org/Team:UrbanTundra_Edmonton,UrbanTundra Edmonton - IGEM HS 2016,1543210709320233
USP-EEL-Brazil,http://2016.igem.org/Team:USP-EEL-Brazil,Clube de Biologia Sint├®tica EEL / Team Eel-Usp IGEM 2016,255699231284592
USP_UNIFESP-Brazil,http://2016.igem.org/Team:USP_UNIFESP-Brazil,IGEM USP/UNIFESP 2016,876917559086564
USTC,http://2016.igem.org/Team:USTC,USTC IGEM,223273504536168
UST_Beijing,http://2016.igem.org/Team:UST_Beijing,IGEM BHU_Beijing,651051615032962
UT-Knoxville,http://2016.igem.org/Team:UT-Knoxville,UT Knoxville IGEM,560182530855047
UT-Tokyo,http://2016.igem.org/Team:UT-Tokyo,IGEM UT-Tokyo,131664217006675
Valencia_UPV,http://2016.igem.org/Team:Valencia_UPV,Valencia UPV IGEM,572328516216419
Vanderbilt,http://2016.igem.org/Team:Vanderbilt,Vanderbilt IGEM,1474962709412599
Vilnius-Lithuania,http://2016.igem.org/Team:Vilnius-Lithuania,Vilnius iGEM,1438579339770906
Virginia,http://2016.igem.org/Team:Virginia,Virginia iGEM,591041214327380
Wageningen_UR,http://2016.igem.org/Team:Wageningen_UR,Wageningen UR iGEM team,180217478691104
Warwick,http://2016.igem.org/Team:Warwick,Warwick iGEM,402119753260534
WashU_StLouis,http://2016.igem.org/Team:WashU_StLouis,WashU iGEM,143033059154173
Waterloo,http://2016.igem.org/Team:Waterloo,iGEM Waterloo,299760353386559
Westminster_UoW,http://2016.igem.org/Team:Westminster_UoW,University of Westminster IGEM team 2016,1357429537605990
William_and_Mary,http://2016.igem.org/Team:William_and_Mary,IGEM - Institution of Gas Engineers and Managers,135745316440705
WLC-Milwaukee,http://2016.igem.org/Team:WLC-Milwaukee,WLC IGEM Team,435140926616048
WPI_Worcester,http://2016.igem.org/Team:WPI_Worcester,WPI iGEM,820650284689447
XMU-China,http://2016.igem.org/Team:XMU-China,IGEM XMU-China,1067638406629389
